Screen Name,Age
ruledout999,unknown
dani_kkkkj,unknown
KVVSMurthy3,"(31, 47)"
s_mlissa,unknown
Suribabu__,unknown
PBqDMIM03ejs8OI,unknown
MacGenio,"(22, 34)"
bennie2706,unknown
vendagoddessM,unknown
TanyaQuinnSPS,"(16, 28)"
mighksrj5064,"(10, 20)"
Aqeel_Khan_10,"(28, 44)"
jimmyispromo,unknown
nossamyaswanth,"(23, 35)"
caaro_axelerada,"(13, 25)"
oscarwanker,unknown
netmediatama,unknown
Newsedigital,unknown
yskanth,"(25, 39)"
Soya_Cincau,unknown
imsauru1328,"(22, 34)"
iamBikashh,"(22, 34)"
latempranillo,unknown
propertydocng,"(4, 14)"
Meminvuru,unknown
kayOne_kay,unknown
LydiaMphahlele1,"(29, 45)"
hayat56123947,unknown
AliA_40_sawa,unknown
Nazrati4,unknown
TechMix0,unknown
LtEVLxI33pUf1Hz,unknown
JSPfollower,"(19, 31)"
hrdbacot,unknown
oktrav,unknown
redballoonfun,"(12, 22)"
nishajg,unknown
zdnetkorea,unknown
nivrage,unknown
FunTecno,unknown
Sarah_Alsehli,unknown
A_Gafes,"(22, 34)"
NishyWezSyd,"(21, 33)"
BMLucas3,"(28, 44)"
twilightlooms,"(30, 46)"
Siva27083994,unknown
iEnableMuch,"(21, 33)"
retalsharqiah,unknown
ChinaLee_secret,unknown
IvanaCContreras,"(16, 28)"
ECrewets,unknown
gDov47mocbysIZw,unknown
thurrott,"(40, 58)"
T3dotcom,unknown
Aura_,"(22, 34)"
SalmaHaasen,unknown
semenko_yuri,unknown
hornetbad,unknown
AdiNunna9596,"(23, 37)"
Beulah_Fortein,"(21, 33)"
947,unknown
CanvasQuiet,"(22, 34)"
vamsi_karankula,unknown
Misskitty_kitt8,unknown
Katlego_Mawela,"(2, 8)"
matts_samantha,unknown
pktumpala,unknown
MoeFromMondo,"(24, 38)"
izallattitude,unknown
crispy_pastries,unknown
LicmarRangel,"(19, 31)"
Ziddi_Gujjar_H,"(14, 26)"
AlbaOM,"(26, 42)"
wlsknns,"(14, 26)"
TeeDeSpark,unknown
Main_Osas,"(25, 39)"
ambermac,"(16, 28)"
triggamochekosa,"(5, 15)"
mothana966,"(22, 34)"
86Chedda,"(20, 32)"
B_5645,"(31, 47)"
EyeVision17,unknown
kumaralp,unknown
Aakash35102802,"(19, 31)"
yodyout,"(31, 47)"
Suhaib_Cypher17,"(6, 16)"
techradar,unknown
SamsungLV,unknown
SabuSltn,unknown
ElectronicsMnex,unknown
alex8oa,"(21, 33)"
altice_do,unknown
swastik_116,"(22, 34)"
CyberSecurityN8,unknown
MartiAlbiach,"(17, 29)"
elt29866597,unknown
Thabi_Ntuli,"(18, 30)"
pedrovictorioc8,"(29, 45)"
PanFone_Inc,"(24, 38)"
santhoshpkfan,"(22, 34)"
Rachit_B_Gupta,unknown
Lord_hezion,"(23, 37)"
jt4n2,unknown
_Chipo__,unknown
ika__02ara0805,"(15, 27)"
jenssen_jonas,"(22, 34)"
expertpromoter1,unknown
Teja87185651,"(22, 34)"
zoxanij,"(24, 38)"
daij2011,unknown
kaykayclapp,"(22, 34)"
HarshSh09087316,"(19, 31)"
maheshsai252,"(28, 44)"
soodtiiirak,unknown
kill_reds,unknown
Moblik,unknown
KRL73791998,unknown
Qoheleth_T,"(28, 44)"
rthakkar11,"(18, 30)"
WZcE6KFR8VzsBfv,unknown
rishikydv1,unknown
Rare_Breeeed,"(24, 38)"
Tsholof072143,unknown
NolbertoCastr23,unknown
lojanandemoaru,unknown
mrpwong51,unknown
xzondi,unknown
djsp_83,"(22, 34)"
CharlesOlua,unknown
AsunVillanueva2,"(23, 35)"
wenu_u,"(31, 47)"
NeemaTasneema,"(25, 39)"
Gg2020Gg2030,"(45, 63)"
mjimarow_99,"(2, 8)"
ThalaAjithPawan,"(49, 67)"
Kinetic1One,"(33, 49)"
kinakopanew,unknown
dasarisatheesh,"(19, 31)"
AreshaKhairina,"(17, 29)"
RM_galaxyCR,unknown
techworld005,unknown
Nhlaka031,unknown
Abo_Zanaty,unknown
LazySlim1,"(26, 42)"
PoeticWhiz,unknown
ITISNM,unknown
YudarshanPillay,unknown
2019Diciembre,unknown
Kabirma74675478,"(26, 40)"
vmkrishna0205,"(23, 37)"
angymerryvaleri,unknown
Denitatyree6,"(22, 34)"
TimGurung,"(39, 57)"
mz_lami1,"(22, 34)"
MoraimaMarSev,unknown
jink1227,"(19, 31)"
MiLAndriy,"(20, 32)"
pixelcoblog,unknown
srkbuzzi,"(28, 44)"
nazee89,"(26, 42)"
SalinaB2020,"(47, 65)"
Abhijit_04,"(22, 34)"
mini07351,"(9, 19)"
Benjami96964069,"(36, 52)"
BobSha,unknown
DigitauxK,unknown
TOMSWIJAYA,"(14, 26)"
fofa_808,"(5, 15)"
Emanetaha1,"(22, 34)"
MSNeco,unknown
bf_160899,"(10, 20)"
MosesMosima,"(48, 66)"
prpl_crack,unknown
TecnoMarketingN,unknown
thaohuynhyt,"(16, 28)"
Farook41606504,"(27, 43)"
Ameer_4444,"(28, 44)"
Anthlenv,"(43, 61)"
Bo_vo08,"(22, 34)"
Michelle_ch,"(22, 34)"
Andrioswp,"(26, 40)"
Abdulfa15313216,"(7, 17)"
Hloni_54964,"(13, 23)"
Tshego_Baepi,"(20, 32)"
TaniaGlezAZ,"(18, 30)"
randa_touta,"(28, 44)"
farouk78hasanin,"(27, 43)"
Mohit_Emkay,"(30, 46)"
ashtonabels,"(31, 47)"
kanev05,unknown
UnBuenAmorFcArg,"(23, 37)"
DurgaPr36168813,"(31, 47)"
CacheVictor,unknown
elias_hiidalgo,"(20, 32)"
dlhozi,unknown
26_Siddiq,unknown
real_fantasy_,unknown
Jabsjabulile,"(22, 34)"
eryak_,unknown
kwuo14,unknown
nuribambina,"(16, 28)"
msredk1,"(23, 35)"
janasainikblr,unknown
netbaan_ais,unknown
RomaSherdy15,"(19, 31)"
durgeh39,"(22, 34)"
SamsungPeru,unknown
Akash32886589,unknown
kimnkn,"(7, 17)"
76erCule,"(23, 35)"
JuanCPomalazo,"(4, 12)"
24thexperience,unknown
oniers,unknown
benchmarkpl,unknown
SamanthaSwain7,"(28, 44)"
MelcomGhana,unknown
Konke_Luqa,"(27, 43)"
kuma_78,unknown
DaBrat4Life,"(22, 34)"
Candyee7,"(29, 45)"
Telstra,unknown
Khame_Ali,"(25, 39)"
EricGaveni,"(23, 35)"
naralaxmi1,"(22, 34)"
Akbar13821808,"(17, 29)"
SumitRamSays,"(19, 31)"
theprernaa,"(22, 34)"
adepu_karnakar,unknown
rafaelappleseed,unknown
Thato_Rachidi,"(22, 34)"
Poguti2,"(32, 48)"
Cool_rishi02,"(25, 39)"
Cas3y_nortjie,unknown
TechRepublic,unknown
Matemba2mash,unknown
KingJen13,"(21, 33)"
mhe2014,"(19, 31)"
ReGuLaToR951,"(24, 38)"
GregglesTV,"(23, 35)"
stufflistings,"(23, 37)"
ReRawan11,unknown
th3vi1,unknown
nenu_na_paityam,unknown
CNET_Es,unknown
mobile9_jpnet,"(13, 25)"
Samsung_Pak,unknown
_Nick_Ackerman,"(27, 43)"
3paperci,unknown
CBHF33,unknown
bunkamobiles,unknown
Barbieofficiel2,unknown
lebstargm,"(3, 9)"
Shell_FnO,unknown
isdixon,"(44, 62)"
sathishreddyjsp,"(12, 22)"
Amar_pspk9,"(30, 46)"
h4n1er21,unknown
ShadezofBelinda,"(22, 34)"
tenpinginc4,unknown
SureshS99793458,"(29, 45)"
ThabangMolokoa2,"(26, 40)"
torro_uk,unknown
iMbalie_,"(19, 31)"
moloventures,unknown
vipinfo88,unknown
bea_utifulworld,unknown
SudhanganSekar,"(24, 38)"
jjkw4975,"(36, 52)"
TopesdGama,"(26, 40)"
rabih_zaki,"(19, 31)"
JVeera2,"(25, 39)"
TeddyIrjaya,"(20, 32)"
hardApp2,unknown
JamesLU11698782,unknown
businesscafe100,unknown
Harsha_VardhanS,unknown
muyalboranista,unknown
wisnu3ds,"(31, 47)"
mandiricard,unknown
Nosaj_Obra,unknown
cintiasanchez08,"(19, 31)"
goddesscoza,"(25, 39)"
GRANDCROSSPM,unknown
Krishna18892587,"(18, 30)"
afriicm,unknown
Akhilsuryam,"(30, 46)"
Alnfal,"(35, 51)"
Garfield025,unknown
Gopi80877574,"(26, 42)"
IdrishImand,"(28, 44)"
JComedy1,"(13, 23)"
CinthiaBelmonth,"(22, 34)"
SubhadipPaul,"(22, 34)"
aweimugen,"(25, 39)"
PortalJennie,unknown
theInfernobot,unknown
Bbnpollscorner,unknown
Kumarisaalu,"(12, 22)"
_iammsk_,unknown
Ravindr00083354,"(22, 34)"
DameraSandhya,unknown
Nosi_N,"(22, 34)"
PaliiAlii,"(30, 46)"
mrallananthony,"(21, 33)"
iFixitFR,"(22, 34)"
AdegbolaIbrahe1,"(23, 37)"
Jessica65410331,"(27, 43)"
MchunuSimon,"(48, 66)"
SimbaMudereri,"(36, 52)"
DinZee_M,"(16, 28)"
AnthonyD_Angelo,"(20, 32)"
Daffylues,"(29, 45)"
codedailybot,unknown
BulletM1,unknown
mybroadband,unknown
Dr_Radhaa,unknown
arun_kumar4891,"(17, 29)"
Ykurumatti,"(22, 34)"
Litukam,unknown
hermita_akiba,unknown
RamrockKiau,unknown
Wattsups,unknown
FLN_Rara,unknown
BabiKatikireddy,"(25, 39)"
rajapadala43,"(22, 34)"
samantha250390,unknown
MaxHossen,"(13, 23)"
droid254,"(23, 35)"
Yoondondon,"(12, 22)"
Its_AmitA_PSPK,"(27, 43)"
AziemAizuddin,"(34, 50)"
diliprrv,"(37, 55)"
andreacp20,"(13, 25)"
Aviwe87066262,unknown
holly,"(22, 34)"
NeendRani,"(24, 38)"
Techzonebbsr,unknown
_Zivel,unknown
_OupaP9,unknown
Alandbru,"(36, 54)"
janie_tedder,"(23, 37)"
TechMASHUK,unknown
SatyaSa53833915,"(29, 45)"
Josh_Quinonez,"(26, 42)"
SiddhuJSP,"(42, 60)"
AdamJMatlock,"(22, 34)"
Motlatj0,"(20, 32)"
omwnews,unknown
Bibaz23,"(18, 30)"
Shaylin86011463,"(12, 22)"
sunsword_,"(12, 22)"
MaxiDvyne,"(22, 34)"
LizEri,"(19, 31)"
youngravaju,"(22, 34)"
whitestonedome,unknown
RutaAlboran,"(22, 34)"
Sara_Ai_Dev,"(13, 25)"
AshtonObery,"(28, 44)"
OtterlySwish,unknown
Rhullyo1,"(32, 48)"
EgoTGlobal,"(20, 32)"
prateekp95,"(22, 34)"
ArnoScandella,unknown
Jabulile_AQ,"(22, 34)"
tv54kenya,0
SuryaPKfreak,0
SangramD4216,"(22, 34)"
Feolas87,0
TijkcrppWafIUcK,0
BatalhadeG,0
IamTonyki,0
DerekRFaircloth,0
world_mysim,unknown
simplypioneers,unknown
Keabets41877617,0
morenaterral,0
CNETNews,unknown
MediKotesh,0
RealDNA94,0
B0wR4,0
jenjenannetabi1,0
omkar_777,0
PennyLebyane,0
BPhatso,0
deozzo,0
iamwaynegilbert,"(26, 42)"
oldschoolmonk,"(17, 29)"
Owenoroven,0
alvarez_nimer,0
prakash_pvr,0
Babypin47328281,0
OutsideReader,0
KaygeeMocks,0
opakalanonu26,0
XavierAncelin,"(4, 12)"
magic_hand619,0
Soong_2_GREEN,0
faza_adyatma,0
ashokbiradar11,0
marriusf81,0
UbuyNg,0
kev__mufc,0
KirstyEntwistl4,0
FaisalDaher1,0
M_3ofi,unknown
Dharmat79020328,0
JonathanMujuru1,0
vincentMarothi9,0
Sadickkkk,unknown
H__43rt,unknown
ozakizaki1,0
Mobile_Compare,0
Kalingatv,unknown
AndroidPlanet,unknown
josepeguero,0
nurrahmanpewe,0
ryanonce,0
SoryR_Oficial,0
scb_thailand,unknown
JackyJane19,0
tagarabless,0
MannurShameer,0
Majhatesall,0
FregosoJaneth,0
ntokozo850318,0
EkAurUnknow,"(25, 39)"
AlboranistasCDF,0
wannapapim,0
Mr_fab1974,0
KRISHNAGANGAD13,0
SatishRasala,0
Liyaw12_,0
singh_saurabh10,0
CPavaNLP,0
vannn200,0
Kazamigoon,0
gcs_reddi,0
ReformaGadgets,0
fordeborah5,0
Iyappan14364927,0
Shee_Phenomenal,0
Dee_Hubs,0
imtbahu,0
iamark13,0
zameersayed,0
ezchoi,0
EShkeerthi,0
AbuHammamKSA,0
OlgaCha36176302,0
urshansika,0
baisa_143,0
JasonTLewisPHT,"(18, 30)"
k9aLP8iO0b5R0YM,unknown
AybakescakesAbc,"(34, 50)"
techandmoreke,unknown
twmeso,0
AlboranNY,0
Lashira_,0
Alpha_Sandesh,unknown
Sheldon_Oswin_M,0
Kaiinfamous1,0
wiechuwii,0
adamlutta,"(13, 25)"
hrdmn97,0
Narendr60445020,0
Syfvra,0
Thembi95654531,0
VanDiablo,"(22, 34)"
1vP4bETSwJHW3PG,"(33, 49)"
GyanTherapy,"(29, 45)"
Rabbityoye,0
script_py,0
gadtorade,0
chehonz201,unknown
MrC_ova,0
alean_hyn,0
roshanr314,0
blandbrygd,0
oximnightoff,0
6kalyanraje,0
purandhara_m,0
nexiankorea,unknown
Eptron1,0
parekh_dhrumil,0
Mian11602640,0
Geekbecois,unknown
SurferGrl15,0
_Emmatunes,0
A2825124125S911,unknown
1RADEBE_,0
real_mamat2020,0
AonNaqvi07,0
Just_JordanTG,"(23, 35)"
naledi_dacket,0
Chinu6726,0
sathishachyutha,0
WhitestoneChina,unknown
anuskathakur74,0
Anshul24264831,0
kwt_fa,0
SiyasangaSikwe1,0
kentpaul36,0
Ming_davilbat,0
QuaqwuEazi,0
ladyCmohlopi,0
insane123goddam,0
gadgetKaeru,unknown
ghanafeeds,0
buya_wafi,0
wittyRodger,0
jtwtiger,0
johnnylaticia,"(22, 34)"
itsmesxfiaaa,0
3dvrmobile,0
Nagaraj74460734,0
RoberthLeandro,0
pukai1993,0
thnXvkUOUNRAKAF,0
herman_stephan,0
patricia_b63,0
yezisesipi,0
ErinMWinn,"(18, 30)"
diegocambiaso,"(29, 45)"
Kalyanpspk51,0
EvanLe24,0
AkuthotaShiva,0
puntovidascc,0
AllAboutSamsung,0
Xanavi22,0
abed_012,0
Siddarthasrini1,"(13, 23)"
Mslllam123,unknown
cmoralesaguila,0
AtypicalRJ,0
GotDamnDilly,0
Qzbaine,0
Ah0Sps33TjfukKj,0
perabathulamani,0
GroovinChip,0
DailyDoseOfTea1,0
Sanjeet79430829,0
nasum_ism,unknown
bhawna7087,0
KRajender143,0
sexymyamori1,"(16, 28)"
Fan_Of_PK09,0
malaysia601,0
deeaiy,0
raphaelholbeck,0
jamesmjay,0
gnojgnoj,0
ReiPilBarCikut,unknown
SamsungRussia,unknown
Otracosamarposa,0
TamaraTamariski,0
liltigermunk,0
superscientific,"(23, 35)"
AboagyeRexford5,0
hkyamane,"(28, 44)"
t__cz,0
livekillme,0
TechHit3,0
sirisawatsilp,0
papiko7890,unknown
lalalae09,0
AlboranFcRepDom,0
aazaa7131,unknown
osnisapb,0
AjayKum38605592,0
ihdothis,0
MoriceQuentin4,unknown
LadyKuda,0
AdrianS7777777,0
JKrapqueen,0
LiamTheTeacher,"(22, 34)"
SergioGiovann,0
TimothyCookothy,"(38, 56)"
TemaLesego,0
UmutU20,unknown
TheBeas16145230,"(26, 40)"
amazonwala,0
JessiLucas16,0
Tec_Mundo,unknown
pixbyrey,"(22, 34)"
banele_blue,0
Iam_Kingsolo,0
mandyUgonma,"(17, 29)"
SamsungEspana,unknown
Omania4ix,"(30, 46)"
Siddhhu4ever,0
TowaFRqlg0waPsh,0
gun_tv_,0
samu_nkabinde,0
DynamicD_in,0
coctailxmolotow,0
oak_van,0
Johnreal95,0
iam_macTiza,0
aariUmts,0
Vivekku28384429,0
hthal49,0
itschunu,0
sakhamuri_s,0
lady007_,0
OPYadav93312057,0
sectest9,0
vumba_william,0
hirisolmayo,0
RWollow,"(27, 43)"
Mr_Vana,0
PhenomenalGang,0
TashiShiimi,0
MichaelCere5,0
Shayarkishayri,0
Kuymong_Nget,0
notamusafir,0
VamshiK59239061,0
Beachbunniesfc,0
engmo_game,0
shishiirmishra,0
PikaDooDa,0
tthhddi,0
KudoNetworks,unknown
byAlbertAlvira,0
deepaks1026,0
Thinasonke19,0
janpara_jmc,0
_enthusedmood,0
Espanknet,0
moiponemoopela1,0
TeganTwiggz,0
NameMadeUp,0
cle_ment959,unknown
13Mipi,"(0, 3)"
electricsoul123,0
CleanHome19,unknown
Awesomly13,0
jrfan88ampdup,0
michaelyabesi14,0
Cash4PhonesWPB,0
realdjwise,0
abpathan,0
romyuran1985,unknown
fromrow2,0
gebalboa,0
iContactLanka,unknown
bransbyt,0
photo_bah,0
Vishnus81517793,0
MrsahilTech1,"(17, 29)"
CElN37C6dSHBvYI,"(13, 25)"
Lebohanglepss,0
Farid24670273,0
chansart0325,"(16, 28)"
ChrisNAICKER3,0
kenia2009v,0
Naif49502611,0
Carlosken12,"(23, 35)"
DhaeseEmeric,0
AsraGhouse,0
eXtraStores,unknown
YMkAKEQmAFtwsR2,0
Erick53577158,0
DearPowa,0
ayamjecy,0
Mayuri6,0
talius,"(13, 23)"
Shannu44628802,0
LC44726761,0
albertoorbe,0
dreioesterreich,0
RPGWh333zy3,"(12, 22)"
Aayamex,0
SNIPERIPTV9,0
urusamai,unknown
Kkoomayo,"(16, 28)"
ne_sami11,0
ekapandaaa_,0
Rodney_Walker,"(33, 49)"
SandovalShasam,0
AndroidAuth,"(23, 37)"
NewsChantOnline,0
whitestone_FR,0
kamooiza,0
Sunny10497506,0
iamsharmakishan,0
madhureddy4345,0
ClearwoodTech,unknown
RaqamiTV,unknown
xenon_art,"(36, 54)"
MasterTechblog,0
c_kruno,0
01net,unknown
FitzBeatSr,0
AndroidStud,unknown
SanchulaSiva,0
DaCruzpt,0
ShunJou,"(19, 31)"
Ys69142929,0
DemoniaqueLa,0
AndroidPolice,unknown
WakJonMedan,"(0, 3)"
tshepo_madisa,0
Mark53955498,0
Thabo09433223,0
SerpenTCy,0
Hannie_Tshehla,0
salaamitusalam,0
RedMasNoticias,unknown
RaymondLbanks,0
downloadcombz,0
JeremZerbib,0
O2_CZ,unknown
dimpho_maps,0
hmetromy,unknown
KPrasanna23,0
GeorgeWaititu4,0
refreshview,0
ZJasko,"(18, 30)"
faisaly,"(34, 50)"
Manikrishnaidu,0
TR7jnr,0
watering76,0
kerokero123561,0
CyberDealDaily,0
jqm_99,0
techplughd,0
DES_POWER_NPC,unknown
ninguemaqui666,0
thedeacon25,0
smarial4,0
CalvinBless,0
haniffa16,0
AppleInsider_ru,unknown
Carlos_Dujay,0
drejazwaris,"(24, 38)"
gokelian,0
Gulan06424845,0
ezemadu_michael,0
oO_SUNWOO_,0
kanayo_jp,"(12, 22)"
bebekonthespot,0
PeaceMirai,0
absolutewords,0
JosefaRequenaR8,0
galaxy_review,0
swag_tab,"(30, 46)"
Saifullmhn89013,unknown
nandakishoreroy,0
ayushb0,0
Shanicenaicker3,0
ShaikAsham,0
crisveracruz,0
allonelive,0
JezCorden,"(25, 39)"
ODDSFIXEDBOSS,0
prodyatchi,0
magister_86,0
NkabindeThato,unknown
maxguelet75,0
kayshaha2003,0
DelwarH36430381,0
urstrulyvinni99,0
PCJISAKUTECH,0
AlCabbas,0
SFR,unknown
SamsungRydah,"(22, 34)"
MoopeloaE,0
Memeholic143,0
DEFCh_shotaman,0
AmritNigam3,unknown
Cristina180519,0
Marianaaranjo,0
SamsungMobileUS,unknown
Vibhu22103433,unknown
laccomoon,0
IGGG06,"(2, 8)"
akeememmanuel2,"(27, 43)"
TheSamuelStreet,0
TechNewsNerds_1,unknown
MerlinJdy,0
SamMobiles,unknown
nicole50973663,0
LenorTommy,0
ANM0Lraj,0
romaan07,0
inbaraju_d,0
slayednmink,"(29, 45)"
Yanda95216529,0
kalunta_gabriel,"(26, 40)"
SoyMemeloga,0
Mastervigu5,"(33, 49)"
oregakitaworld,0
itsSuperJoon,unknown
TendenciasTech,"(15, 27)"
Sibanyoni_KG,0
Garazi1126,0
GantSydney,0
ChrisTamondong,0
Nokhehle_P,0
tatiedjoe,0
sosukeblog_com,0
InfySim,0
Jaskani6661,0
kalyanimishraa,0
_Blue47_,0
teensyme,0
BangaraMGH,0
0oRuAo0,0
Bouns86114468,0
Fotechcl,0
fahoodi1297,"(27, 43)"
SeabiStanley,0
Classy_style11,unknown
mind_of_myne,unknown
NAZEEM_G8,0
RiskJu,0
timelinemagz,0
TheHypeKidd2,0
LikhonaLona,0
kevinhartR15,0
_OupaM,0
MVSHVRT_056,0
Venom0642,"(22, 34)"
RocaTrag,0
BluePuppett,0
AngelOceans2,0
373_ana_ryyP,0
PhindileRadeb19,unknown
donmarie2018,0
beto_04caz,0
savFdCvUMARPPnN,0
SpykerPoon,0
allaparthikomal,0
maxpippo,0
jdolcourt,"(21, 33)"
SpaceCoastSkies,unknown
TAproko,unknown
GamaHlobs,0
whitestone_UK,unknown
saurabhk962323,0
abidkal,0
mameki0328,unknown
Rustyram78,0
quingren,0
LadyPink7621,0
LindekaNoma908,0
MorenaGiven,0
teja_1729,0
joshna_17,0
Nwanu,0
PQcina,0
its_alee18,0
CherryBerryGin,0
MbaliRozay,0
thetechwavess,unknown
misti911,0
raajjemv,unknown
Qualcomm_EU,0
Bianca298134231,0
paolamart654321,0
Gowtham54487984,0
andrew_dipuo,0
NalediC_,0
RajaMagDich,unknown
iritikjain,unknown
Malibongwe_Z,"(19, 31)"
qj1913,0
Hanoitimes2,unknown
AmaliaOktaliza,0
Charmie__23,0
GlobbalConnect,0
michaeljosh,0
StyleONMW,0
Estitxualboran1,0
RobertDsilvajsp,0
barbaraabueno,0
repakanagesh,0
MariaLuvdy,0
APO69363282,unknown
MobiledgeX,unknown
TojSoSlikite,"(20, 32)"
DharmrajDahiph3,0
DemelsaLopez,0
strayfromtheass,0
costanit691,"(32, 48)"
madNation2,0
ZWELIDBN1,0
nokiadou_jp,0
nongalo_scelo,0
TeedeSilver,0
mridulpahuja,0
SamsungMalaysia,unknown
ReisthaDita,0
Ao_425,0
AccJeys,unknown
LumeSpammer,0
sandilequest,0
Ridoyhasan2092,0
el_champ13,0
MariKrajczar,"(22, 34)"
soccerking22221,unknown
TanishaM_3,0
Aor60203376,0
SPHUMEL47746694,0
maims85,0
slideme,0
kumparan,unknown
mangia4giveaway,0
vamsikaka,"(39, 57)"
myinternetdotmy,0
LesterJayalall,0
OficinadaNet,0
shwetasheng,0
ALetsapa,unknown
xiomy_life,0
Pooja__G,0
sarayfernandz,0
NationFirst_M_K,0
StaceyandJSbu,0
ktaros2,0
z_bhamjee,0
ghastlyrat,0
ADPTnews,unknown
SoccerKooora,unknown
Tipfy07977264,0
AnThOo5919,0
TWiT,unknown
spytonymulayo1,0
donanimhaber,unknown
cuzzi_ga,0
4vd60,"(33, 49)"
osterlindriclo1,0
CNBC,unknown
cheeky1602,0
HariOmIsLife,"(18, 30)"
johanaysofia,"(3, 9)"
peehu350,"(9, 19)"
AfrikaB1,0
SamsungFR,unknown
masiro_855,0
dinee_bobby,0
DiegoRumo,unknown
AkulaRK,0
jlpt1100,0
Elicky9,unknown
GaberElsharqawy,"(50, 68)"
JessiePawanisam,0
ThabisoMokgohl1,0
AuxanoForex,0
MichelaDiDomen4,0
onomsalam2pas,0
Jisu_D,0
PauloHarianja,"(23, 35)"
Ana37454709,0
supertaylorguy,0
ElCaribeRD,0
RealShinski,unknown
SuperSaf,unknown
abi_Gaona_Trejo,0
criis1812,0
Lain_stayr,0
Aleexmontes1,0
AjayKum72829083,0
ssoomm_P,"(33, 49)"
Amelia22132528,0
Mvuleni_6,0
ravikum25783688,0
jcfrick,"(21, 33)"
ChiMomof2,0
GaniPSP14970629,0
JSainiks,0
Zayd_designs,"(23, 35)"
Rajiv69621947,0
joeltheomar,0
nfc_gu77,unknown
susubread,0
angelesillescas,0
movistar_cr,0
sasfh22,"(13, 25)"
Gavin21241966,0
SashaBierman,0
sandzr19,0
NonofoKagiso,0
ChinannyN,unknown
mervandavids01,0
skepticguy101,"(26, 40)"
JET1273,"(21, 33)"
Fabian56843500,0
jipajipa77,0
YSatyanadh,0
AmanRajvansh1,0
Prashan47904242,0
tasha_dunbrack,0
MehdiNoobary,0
B4H4B1D4R1,0
MohammedIhlas3,0
microsoft__now,unknown
xiumin_9093,0
mscnoticias,unknown
yuriestax,0
Fatooma74172336,"(18, 30)"
Tri_Desi_S,0
DariesJennifer,0
RahulJa94654506,unknown
Slorks,"(30, 46)"
l4_blink,"(13, 25)"
NSithabakankosi,0
joshualimichern,"(19, 31)"
fstoppers,0
IamThapelo,0
pimpriiii,0
lallie2015,0
govindls1967,0
chinnari_babu,0
Delishakamila,0
SamsungPY,unknown
KanokwanPrayan1,0
Rdllilyn,0
CCGGAMESGAMING,0
MovistarMX,unknown
mrPrasad03,0
KollywoodCinima,0
forwfilm,0
kondru_sekhar,0
NawangKinanti,"(9, 19)"
Covadongaestev1,0
MasterSykil,0
NKPNiteshraj,0
PheaMasego,0
Hasco_group,0
tristandrugxs,0
ProAndroid,unknown
Sailfish_Admi,0
Mobily,unknown
Kay_Molete,0
HerculesChantal,0
rollinsduke1,0
SamsungMobileSA,unknown
Omantel,unknown
d_aniel_O,0
fercocciarini,0
KopiStanley,0
palesamenong1,"(13, 25)"
99Smartphones,0
DeviajeSiempre,unknown
MakiseKurisu,0
Thedevicestore1,unknown
UniverseIce,unknown
KhumbeloMonica,"(36, 54)"
Canadadding,0
Mpumiegh8,0
_Kunal1993,0
AudiPhotography,"(23, 37)"
niazi_arifkhan,0
raaj16matli,0
Marinalane,0
ApostleEric,"(36, 52)"
Fernando420,"(39, 57)"
BeingKshatrani,0
AlagicAsim,0
sko12,0
HerrmannSabine3,0
ManuelPinoMora1,0
DeeZ_KSA,unknown
Biniam67700228,"(34, 50)"
karunisms,"(32, 48)"
Prettyzs,0
JSPvirendra,0
SamsungCO,unknown
MallSuncity,0
GinoPisanti33,0
freediablonxo,0
miguelzarra,0
Wilmon_BlaQ,0
habibajala,"(31, 47)"
wyob9iaskf4Sqiy,0
boyacasietedias,unknown
ContestGuy4,0
francoamerican5,0
ciao_moto_shi,"(22, 34)"
sr_anna_imelda,0
secretary_IM,"(26, 40)"
miliani93210,0
GadgetMajin,"(5, 15)"
SamsungMobileME,0
piliii19,0
raziya_thabiso,0
JohnyWa00517983,0
lavieenpug,0
mobidk,0
Soundhirapandi6,0
1407Khanyile,0
gadgetlab,unknown
IamMozzeh,0
kharismaselaras,0
angel42249142,0
Oldh_11,0
ThrifterDaily,0
Budli_in,0
Frandroid,unknown
Meethi112000,"(22, 34)"
jdunne2,0
butiBless,0
_hyunji,0
Kutlwano_11,0
siphomandindi,0
Esrodriguez,0
revolutionjspk,0
anjaniasa,0
gok_naruto,0
timezwithobinna,0
musica_variada,0
Robin621k,0
itsMahi143,0
Miiriiaamp9,0
Aneesa30042242,"(20, 32)"
dadavids14,0
Thato99548708,"(53, 71)"
oyogist,unknown
charan3691,0
gini0723,0
desynatali92,0
TheRealCyrvl,0
ZONEofTECH,"(22, 34)"
GadgetFreak4U,"(26, 40)"
the_marketeers,0
CoupleCapetown,0
Gamez413,0
Ofertapremium,unknown
DroidModderX,"(22, 34)"
DAGeeksDotCom,unknown
Tshenolo_King,0
noluvoqueenana,0
hatiperi_wacho,"(30, 46)"
saikoppolusayzz,0
ChadOfSc00tz,unknown
Tarabanews247,unknown
shanga_mcnair,0
SureshL17764971,0
Deepu_Chandana,0
GeekShowSA,unknown
araijain,0
MoorTony,0
Beebalin,0
SouthtoTanzania,unknown
J3lehane,0
PlayfulZA,0
LittleTechGirl,0
sh0q0sh,0
NongceboManqel1,0
birbcat,unknown
NykhilChopra_,0
Lionsfan67,0
CentraMic,0
CANaveenSatyaP,0
ManojJspk,0
rootear,0
TBlair64,0
Mobolistcom,0
cardo_mene,0
RemsModipa,0
riyasin79426210,0
serahsocool,"(18, 30)"
l_Honestly47,0
sabavatbalaji1,0
MenTshego,0
PabloAlboranTR,0
bgirija303,unknown
megistrate,0
ThangavelNatar4,0
mkalavala,0
BeyondGrave,0
Ken718,0
achour700,0
TMobileTruckSEA,unknown
joro4236,0
CalvinMduduzi,0
PhatfeetC,0
haoagiss,0
selenaboogey,0
FallenAngel_249,0
sayfacom,0
anujprajapati11,"(22, 34)"
Sams_Tweetz,0
VankiesD,0
Annoitedj,0
jagGlitching,0
dominiklada,"(32, 48)"
Tshamza1,"(33, 49)"
hasdid,"(23, 35)"
daredevils22,0
WoOdMcFlLy,0
vinatimes,0
mxphone,unknown
natalianglez,0
GanguNeelathi,0
MalamaSmith,"(20, 32)"
WellALima,0
ReBaety,unknown
EscamillaDavid8,unknown
TPHportugal,0
20.Jan.73,0
MarcoCHardware,0
GanneRahul,0
HTTech,unknown
francoischarron,"(43, 61)"
OiiZee,0
charannonu,0
Abu__Adeeb,0
i_am_myself7,0
Ra_v_n_,"(32, 48)"
AlvaroFG1998,0
manishsi10,"(41, 59)"
xaelbot,0
NaviriRamu,0
Sandra_Cox,0
iam_Tommik,"(19, 31)"
jrj2tech,"(22, 34)"
Binhviettelsto1,0
skmn08,0
OdderDude,0
updatenews360,unknown
7assanBahr,"(22, 34)"
jennie_kimqueen,0
Mukhtar0000786,0
NorthSpringsFSM,unknown
KatrinaKaifCity,"(23, 37)"
4kAngelito,unknown
javiersneider,0
masaruwant,0
00070Mhm,0
MarekZadecki,"(37, 55)"
ThatXboxGamer,unknown
SandyKraemer,0
Phutiph,0
yysnewspick,0
soymamabj,0
deora_gunjan,unknown
sunmattu,"(3, 11)"
etby_al,0
Fredzone,0
CHILELI24194208,unknown
flirtaynew,"(20, 32)"
cheomar02212003,0
yasosuke8139,0
hiro_ao,unknown
yogeshmankani1,0
ufsajn,0
FlorensaRf,0
LeroyJenkins_fc,0
DagmaraPakulska,0
AdjadoAdy,"(26, 42)"
Emjay_McWilsons,"(22, 34)"
shin_do_u,0
aburosa2010,0
CrystalDamilola,unknown
KnightRalph316,"(27, 43)"
pabloafanatica,0
menagu,0
DarlingDieHard4,0
Athenkosi258,0
andreatozier_,0
alltimehigh4L,0
prakash06619216,0
PSYCHOV3N0M,"(51, 69)"
SaiVira18177969,0
totacion,0
SalmansDynamite,0
thigh87,0
idomizu_,unknown
JogiPawanisam,0
candiceMaestro,unknown
LpkbbeatzC,unknown
Rakhi82489160,0
shaikshavali175,0
RingtimesBerita,0
roooossshhiiiii,0
tyga_PB,0
Todoleo,0
AnthonyTulli,0
Tecnogusblog,0
Top_CashBack,unknown
Pramodh27546059,0
1_GreatWin,0
TechnoKAmit,0
albi_iii,0
NyanisoM_,0
BuckyBanks,0
Pompeyo4CR,"(23, 35)"
leso_lethabo,0
alipapah,0
Tebato4,0
wer1_AR,unknown
spasset_TW,unknown
Madamecoco3,0
Omaatla72558524,0
SingtelSupport,0
laz919medellin,unknown
shuv15937,0
ProfChismosa,0
PNPT17,0
Terimal38,"(45, 63)"
random_pre,unknown
MncwabeDeli,0
abood7ussein_ua,0
Glenda2210,0
PSA_Username,0
BhashwanthPalu1,0
shallubhugra,"(23, 35)"
RandomAccessOk,unknown
vijaykumarjade,0
Jimonly1,0
CNET,unknown
NonyGarg3,0
Baby_TeleP,0
Nitinvarma_p,0
guenori,0
havetostuddy,"(20, 32)"
vinayipod123,0
Philiswa998,0
skilled_citizen,0
theboy_youhurt,0
Predo_kp,0
HughesChris2,0
basheerrko,0
janrdhannaik21,0
Mologadiiiii,0
piccas_you0880,0
Blackimages2,"(13, 23)"
VIVAcoid,0
motor_fan_2017,unknown
h_jinua,0
Mansa11610611,0
Dareblessed2,0
anzinne,"(51, 69)"
FikileMabilisa,0
rajuchaganty,0
KarfaMonika,"(13, 23)"
ElDokshe,0
sumahomaho,unknown
MariinzO,0
TheCapeTownGuy,"(31, 47)"
maloya745,0
TechnNOW,0
SiteGeekFR,0
VU4O2k5bzJGfPTF,0
i_DhirakGupta,0
TuArtNoTienSexo,0
mululamisi1,0
RishabhSengar_,0
languedechat_0,0
realamschel,"(30, 46)"
CRNTestCenter,unknown
MichaelPepperTT,"(22, 34)"
atlas_dowrat,"(28, 44)"
mllopez97,0
SamsungMobileCO,0
KShadraq,0
SamsungMexico,0
ysk_knd,unknown
ANDIZI12,0
mabuti_mash,0
jayanth19730480,0
nirmaltv,"(29, 45)"
omwpicks,0
mohlomilesego,0
Mas15S,unknown
EmpresarioTek,0
Juanespa209,0
_oftoday_,unknown
Joyce55437225,0
PPPLLLUUUTTTOOO,0
iamzia9,0
john_takudzwa,0
VignathaNVR1,0
TeluguTopTech,0
PhuPico,0
KayOzzBeatz,unknown
jptechcrunch,0
geralBabygal,0
Bhubaneswar2020,0
Shaun03832702,0
Oxygen_totz,0
toto_chiya,0
pabloalboran,"(22, 34)"
OwnerDirectRent,0
SO_HOT_ARU,0
thestandardth,unknown
SheronWawa,0
LongliveChigz,"(33, 49)"
thevrjani,"(22, 34)"
karaboskara,0
Kesh_Kaed_Kar,0
belcloe,0
TechDeals_16,unknown
Arun7532,0
jh_david1226,0
audububa_,0
RajeshVizag1,0
alboran_promete,0
veeras2304,0
Eerie_adolphus,0
tater123075,0
tugahgraphics,0
VMediaNetwork1,0
MobilitySpain,unknown
pranavchaparala,0
quietdragon51,0
ZcjRSXiP7tYdjr4,0
Gtree0731,0
TippleSamsung,0
_rose_dor,0
Gusetia_,0
AudricVdz,0
doyathang_,0
SeloaneTinny,"(27, 43)"
CFO_Alboranvlc,0
VallarTristan,0
awraynor,"(35, 51)"
Mriva12235222,"(21, 33)"
sarayt_cp99,0
RamPinniboina,0
MT_TechRunin247,unknown
movistarpro_es,unknown
ikeja_computers,"(26, 40)"
JasonJo86359927,0
TheGalox_,unknown
PIIPPERI800,0
jackreddyy,0
beau_johnson_09,0
NeowinFeed,0
dpc_lambie,"(22, 34)"
iosys_chuou,"(12, 22)"
Hollywoodtamil7,"(20, 32)"
nupeki,0
83_theyab,0
KFMza,unknown
RTEScienceTech,unknown
ThaRealSeYda,0
Dheeraj824101,0
AmeenBasil5,0
TengoAndroid,unknown
kalyan_follower,0
EdwardKalapins2,0
RicardoGalanO,0
6LACKSH33P,0
NanoTechKE,unknown
SamsungMobile,unknown
POPYSSSS,0
TasuketeTosaki,0
guhendulenlove,0
Jerrydendeavour,0
AnsariFarahn,0
KikouKing3,unknown
maferalboran,0
tuyyo2841,0
honniecouture,0
RoselinPillay,"(23, 37)"
JalalOussama_JR,0
pointekonline,0
qeeq_meme,0
geraramaya14,"(50, 68)"
Qualcomm_FR,0
tsekobabes,0
plekythedog,0
RajaArigela2,0
MKBHD,"(23, 35)"
AryanKu91982081,0
klvrajesh,0
sauravanuraj,"(27, 43)"
capitao2000,0
FreakKalyan,0
dir1ku,0
MdIbrah52398437,0
10_NaJeeBa_8,0
TechVoicenet,unknown
aa__mera,unknown
_PratyushasingH,0
KEscx,0
terryt38,0
Maca16813,0
Mohammad89salem,"(21, 33)"
Gattusokamhinga,0
vinesssaaaa,"(7, 17)"
NKgNjOnnSd7YUwf,"(23, 35)"
neeraj01yadav,0
bites_sound,0
MehekMahtani,"(23, 35)"
Jasmine30981480,0
Nomsa02430302,0
OoredooMaldives,unknown
Keoage2,unknown
DrSivanandaraj1,0
fixed_george,"(30, 46)"
prankushb,0
mchef_gabo,0
rue_cath,0
Miss_Tshidie,"(22, 34)"
piticu21,"(26, 40)"
DigitallyBones,"(49, 67)"
Alqarni333,0
ram_sudh23,0
Qualcomm_ES,0
9ja_phonestore,unknown
Canton11Jef,0
ChristyBella_Nu,0
SamsungChile,unknown
_Ra_him,"(36, 52)"
lovingdear98,0
banna_akku_111,0
SarathKatakam,0
iosys_tenjin,unknown
radhanadh,0
heungdae,0
Jess_Lo82,0
COCOMOWIE,0
letechnophile,"(32, 48)"
Zands82,0
SamsungSLO,0
GH_wtf,0
HugoAlexanderT,"(22, 34)"
nanew_ks,0
Conynstanza,0
Tee06157691,0
anitamuusic,0
Scumezza,0
PawanKu88297483,0
TaraHese,0
usernamexx__,0
susam_030,0
juujuududu,0
Dultang,0
UrmilaBishnoi11,0
roomvm,"(22, 34)"
seoulofasiasoul,0
reddy_satish,0
dile2u,0
Scelozz,0
QiiBO,unknown
youten_redo,"(1, 5)"
Techarea_in,unknown
ThelediKea,0
kausthubhakp,0
mrhanff,unknown
getgrover,0
Iam_Dharmesh,0
McusiMzombe,0
mikedionis,0
Almahmel_news,unknown
ChocoReviews,unknown
moo2man,unknown
lucky59000,0
divorcedkidd,0
Ruchika4786,"(22, 34)"
SaifLivesHere,"(36, 54)"
tariq_alshwyr,0
juniornannetti,"(24, 38)"
Bushjack,0
nikiyao,0
techhgal,0
Marks_Tech,"(24, 38)"
niqita11,0
adellaaldionita,0
dedy_predator,"(5, 15)"
Phandroid,0
bubugravacoes,0
cheboluvprakash,0
SteveReddington,0
ilove4men,0
BenjieB20,0
lea_ihrer_4718,0
retweet1860,0
FAISALALHAJ10,"(24, 38)"
WRuCc1BLdjLbnLX,0
albolopezbrasil,0
steffmister1942,0
GrajalesYansel,0
doalcarcarmen,0
lee_pillay17,0
sakitechonline,"(34, 50)"
Pranjal_28,0
DAVTech__,"(14, 26)"
TruthFinally2,0
ClLegionAlboran,0
SirLegendalpha,0
ZainZainullah5,0
TasheelFinance,0
Laaaaaith,"(33, 49)"
Orapele08870618,0
Optus,unknown
SamsungDestekTR,0
Prez215,0
Taiwobolu10,0
Luigirmrz,0
chv_ram,0
laura280698,0
TheR3aper5,0
jawapos,unknown
Frederi31992627,0
JennieYT2,"(5, 15)"
SamsungUK,0
thassius,"(22, 34)"
wly39619823,0
ManiGS15,0
Nthabi55463465,0
JuicyOStar,0
muhamaad1436,0
kangtanggo,0
elichzann,0
ARMYgo_bts,0
Coky250880,0
Martin33116916,0
gists_9ja,0
DevinRansika,0
satoshiaudio,"(50, 68)"
sanelebear,0
wellyshonai,0
GopiGoal6,0
IronMaiden1987,0
fumzozo,0
mankhwetsa,0
KEMUGAGE,unknown
krishnanaga1,0
muzzishaikh,0
Tobaccorsa,"(23, 35)"
MeeUdayKiran1,0
pania_22,0
babyakolicious,0
Lady_Lee90,0
Mikosi_N,0
AswadRamses,0
KhethukuthulaL3,unknown
Balu23r,0
djmarkkavanagh,0
hana_segeir,0
HazelNut_ZA,0
Gadgets360,unknown
ParkAve_Show,0
akkupositive3,unknown
Adekunl73866054,"(23, 35)"
realrobertbryce,0
AkhbarAlmajles,0
Tinyiko_95,0
MciraSbo,0
bwpillay,"(31, 47)"
gumani_ne,0
momsfocus,0
cwala_pearl,0
boatraceshisu,unknown
lilredshopper,0
FromKorea5,unknown
bynicolenoah,0
bandirajesh848,0
OATAZY07,0
Papa_Desh,0
BradWardFight,0
toyontoots,0
Patriciaa_PA_AJ,0
MHuzayl,unknown
maxwell_ramsey,"(19, 31)"
mpuminess,0
loshdon,0
lizzyshasha,0
kondalraom,0
redla24,0
milocamj,"(47, 65)"
BeMobileInc,unknown
manojdevil993,0
Atomicsongbomb,0
super_fan97,0
OhMadhu,0
BesttipsA,unknown
gkW892dVi6pl65S,0
NadavSundy,0
Aarush94851548,0
TuswaZiyanda,0
JSPSainiks,0
Pspk98039950,0
mike_amankwah,unknown
prec1ousamber,0
ashoka11all,0
YashOza47564385,0
alejandermartin,"(39, 57)"
BakiieKurisu,0
mpumemiyah,0
d7oom4cars,0
MMDDJ_,0
MofoloThato,0
Karthik74734979,0
muralip63324972,0
ThabisoCG,0
faheem83284,unknown
LoveOfGamer,0
tftipodcast,0
ISUZUkin_Borg__,0
SamagameC,0
vamsiexplores,"(33, 49)"
mohanathan81,"(26, 42)"
FOkamiaka,0
lupitho,0
SA99352669,0
yhbkorea,0
aja9696,0
PkFollower_kk,0
MomoM18765122,0
IMADOWHATYOUDO,0
xtrimzak,0
iambasharat,0
rayo786,0
ImjustSayingJC,0
annabella_hilal,"(23, 35)"
Lerato32673769,0
busayoajetz_,"(13, 23)"
lucas30tdu,0
VodafoneUK,unknown
FoosaramB,"(22, 34)"
Bishopkon_9,0
TheTal6,0
Idriz98112950,0
xpelled98,0
menuiq,0
silviamunumel,0
nabilalsag0ff,0
Mad_Skull,0
IPLAY_XBOX_,0
mkostial05,"(34, 50)"
LungeloMsweli2,0
ganapathinaidus,0
Anjana0Sharma,0
Newszada1,0
machaca_kenny,0
lance_tman,0
PabloAlboranICF,0
TaiyoSunflower,0
yazminsayavedra,0
CakwebeFezile,0
mknbuburdiaduk,0
Snazor_M,0
jumintenkoplak,0
SaudiAndroid,unknown
TECHNOSenior1,unknown
Slenjovythedj,0
I_RamanGi,0
Letanta_L_Mo,0
MARCWYATT,0
edecenil,0
66Mhz,0
Ausdroid,unknown
SanamP2100,"(23, 35)"
tech2touch,"(22, 34)"
mimairoiro,"(29, 45)"
hillarypm16,0
Rajusingh558555,unknown
Yunalal,"(26, 40)"
www_supermarket,0
SaharanGautam,0
SailorsPrideNG,unknown
kiachi30,0
sensesramgh,0
ru3a,0
Dhonkolhu,0
virginelefant,0
_SAE99,0
aeshzainal__,0
Lizzy73448292,0
QLangeveldt,0
RianFahrial,"(33, 49)"
malikiumar2,"(19, 31)"
Lovato_whore,0
Pauuuuu_u,0
oris616,"(22, 34)"
souhail_srour,0
SaraKhlili,"(21, 33)"
PAlboranChileFC,0
Mvignes23952592,0
100iton,unknown
niperhvt,0
NkosinathiSim19,0
bnnoticiasbo,0
HarunR05718,0
Gifford007,0
meizum5s,unknown
Melisw14,0
cmuralik,0
UpenderDharma,0
ccconekuto,unknown
Carmen86625629,0
SinoxoloBonga01,0
Pspk55668462,0
A_100001_A,"(13, 23)"
princessraia,0
pilarco5,0
Anupama75,"(19, 31)"
MashedDotCom,0
ramazan_K_55,0
Siyathemba92,0
nazi1920,0
wendiw_oh,0
easyjanjansen,"(44, 62)"
manqobizizwes,0
shschaumburg,unknown
oxtexnet,0
PspkUkis,0
Zulhafiz23_,0
91mobiles,unknown
stil_yormystery,0
MonkeyV1,0
VenkatYarrakula,0
VinnuReddy43,0
Pearl86662341,0
tshiamo_modikoe,0
amazing_gracc,"(35, 51)"
rgonhi,0
QuentinDOR,0
BUNNYAN44644432,0
MzBeeBeeTweets,0
alturki506,0
matox213,0
AbuzzPick,0
MobitelSriLanka,0
Rahul48015690,0
Rubin_Mpinda,0
hashim_warren,0
ChadiranS2,0
elafadeaway,0
OomYahya,0
AdamReviewsTec1,0
yukiyootaku,0
RATPACcheck,0
TechNinjaSpeaks,"(21, 33)"
FOR_ALLAH500,0
Zoo_Key81,unknown
HoodflavaL,0
umairalexa,0
jaskaiser,0
nurul8175,0
ZacksJerryRig,"(15, 27)"
Sammy_LeloKei55,0
_sakalinho,"(23, 37)"
PWwastewater,unknown
dazeone81,0
TsoodolTulga,0
Melisentiaphei2,0
andresfesac,"(24, 38)"
thefaizzainal,0
LilKidSaul,0
abankwah_kofi,0
cepayifitriana,0
rameshlaus,"(39, 57)"
gavinsgadgets,"(39, 57)"
newstoch,unknown
Mr_Cool_jg,0
EAsieduwah,0
WendyShok,0
Lcyans,0
Chackn,0
naturesyco,0
AryanSarath,0
prasanthkumar88,0
sirakawakuu,"(21, 33)"
RoyalRajputni,"(22, 34)"
nethintiraja,0
SatyaKa44268691,0
jdchepe,0
tanwar_milind,0
silverwolf5,unknown
MaariaQuinteroo,0
Ajitstafdc,0
HansRaviteja,0
mackeykamran,0
_beaaa02,0
KavyaSinha_,0
NcsVentures,unknown
sohair_m,0
morid1n,0
SxarBlood,0
mzamo266,0
LutherEpalanga,0
kundanpathakk,unknown
Ayisibea1,0
Irfan90459892,0
ThobileMotaung8,0
search_2020,unknown
Nawwaf1976,0
shekar_PSPK,0
faizaan_firoz,0
aduuuy_,"(13, 23)"
iosgino,0
SivaMechan,"(43, 61)"
HFVUnbox,"(22, 34)"
Noy_Rayden,0
SharfinaAnjali,0
jocxie,0
indirrrrra,0
aljudah55,0
sanjay_anil91,0
SudheerMamidi2,0
Lovesweeps1,0
boogeyman6093,0
Akashra29638279,0
ZeeEverything1,unknown
CmySalman,0
SayAkhantw,0
RajivGupta69,0
inno_cur,0
charan25cherry,0
adrianaa134,0
jellyj412,0
Tshenolo_Phlex,0
detikcom,unknown
ManosLosPollos,0
jungnyum,0
Dilip_B2309,0
NareshP95476864,0
daddiorobjr1963,0
brasiligeeks,0
Iain_Maharaj,0
frankie_tech,0
shaistaa2020,unknown
thecoolness229,0
AlejandraCas29,0
ArbabMustafa79,0
Francis10305435,0
Celiacarrasco99,0
joedanwears,unknown
BattarNisa,0
kelisem,0
DouglasMapoko,0
NeeNa957,0
donnashamzan,0
rajputrana1234,0
holy_1gy,0
AshleyntandoB,0
Mohd_mutala,0
neupane_shushil,0
SLingisetty,0
5sv7,"(28, 44)"
Mobilecom777,unknown
alljfool_511,"(22, 34)"
moneycontrolcom,unknown
Cfiso_Zulu,unknown
GosoHlumelo,0
7Gaddam,0
Ridham_ved,0
AlfredoPlays,"(22, 34)"
SamsungPH,0
RofhiwaPiet,0
didiine76,0
Nompumelelo_Mkz,0
HARI_Megafan,0
Bin_Obaid,0
manibabu_b,0
rishi__nadendla,0
baluDuke1,0
viveksada,0
chweu,0
amparogh97,0
dialoglk,unknown
TriciaVanKlein,0
Brunosca,0
ao,unknown
new1tech1,unknown
MaryamIjaz660,"(13, 25)"
PavanKu50596017,0
Abhiram4477,0
adrianpiedracr,"(13, 23)"
tholsiamma,0
ThandoMokoena17,0
PPi_Yac,0
maikel_sv_,0
jacmeister,0
deepakraj9801,0
saheer_aslam,0
VijayDPspk,0
MTalha40749927,0
LynPizzano,0
GadgetBeard,"(25, 39)"
t3mporarybl1p,"(34, 50)"
Picasso_Bro,0
Amber96307866,"(15, 27)"
Lo63873474,unknown
IbrahimCholid,0
i_justy,0
nthalusionz,0
unclealp463,unknown
Gupippi888,0
Ashley80522911,0
timecoffee662,"(5, 15)"
PrudviStar,0
xxbibbia_elfxx,0
DagarGs,"(49, 67)"
stellarvia,unknown
KExynos,0
samirsalimjr,"(21, 33)"
SnakeX,0
RicPazmino,0
Lindiwe28492671,0
OnceUponALucky,0
almansouri_75,0
gsmarena_com,unknown
mwo_dhoodh,0
12Emilioo,0
dol_editors,unknown
Psn_sport,0
stellackanu1,"(18, 30)"
exo0408hbjnkml,0
poutynick,0
BotRaj1,0
bigboywp,0
urs_jafar2,0
_awpandu,"(13, 25)"
hiteknodotcom,0
LoloMalumo,0
Bsdope1,0
waarko_,0
AndreP1991,0
aminaam87811859,0
cossimon,"(23, 35)"
SamsungIndia,unknown
roidon4,0
bcraujo,0
iFixit,"(24, 38)"
Melie_ad,0
hinksout,0
prodigious_B,0
HemaManju7,0
HollywoodShono,0
nirave,0
RAMESHK76392236,0
BirlisonCharlie,0
_Keshav__,"(4, 12)"
naveenwalia,0
SheIsNdzondi,0
MovilZona,unknown
Tatbeqi,0
iAm_erica,"(16, 28)"
odiak_,0
Shipra_iam,0
LiezlvanL,0
SkYakubPasha12,0
Rajibsingha_,unknown
TECH_cetera,unknown
EatonKairo,0
MahafizurB,0
brayans_1991,0
GowthamJanasen1,0
Kuude_Namba,0
nadhilavee,0
simransingh931,"(22, 34)"
Adry_anRose,0
Triggerdeejay,0
satoru422,unknown
phonejerome,0
_miriam19,0
FONTAINE_Remi16,"(13, 23)"
xerox1469,unknown
lebogangmlange4,0
Inheaven017,0
anlart1,"(38, 56)"
PrincePersia777,0
lilmac4,"(15, 27)"
9999Ambati,0
RajivMakhni,"(27, 43)"
Gjerrigknarken,0
iAkashmandal,"(20, 32)"
Jorgesa07394731,0
SAPureOriginal,0
Manashmodi2,"(20, 32)"
anyjain,0
DutyFive,0
alexriiveera,0
ecr9495,unknown
SamsungEgypt,unknown
mobilanyheter,0
Pal39534007,0
bencsin,"(36, 52)"
WebTabLab,0
yankobaa_exe,0
Najuma23,unknown
Cirudo1,0
YigeKing,0
weeek000,unknown
TNerumedzo,0
Riyaa49976335,0
474ntx4,0
AkilaMarsa,0
akash207,"(22, 34)"
m4n0jk,0
nkocee_rsa,"(6, 16)"
GABIMACHADOUR,0
Jinnyboy,"(21, 33)"
ErinkaAlmahyra,0
NagendraJSP3,0
CSulshy,0
orotta,0
Mohdfaiz13,0
NuMonz,0
Charles_Dust,"(39, 57)"
MRJOEtech1,"(23, 37)"
Bagtagfr,0
_SincerelyNads,0
abhinay_bharath,0
zothanimpendulo,0
Tommy2kkum,unknown
SteveDavisMktg,unknown
edwardramly13,0
_Unofficially,0
davidjordahl,0
diandroidin,0
JosephHucks,0
gbctotal,0
VickkyPareek,0
Cdiscount,unknown
Tigo_TZ,unknown
Silviaaledyc,0
Bharadwaj1397,0
fifa20214123015,unknown
junajohnston,0
sujit108,0
seriesjune2,"(15, 27)"
watakintv37,0
XtraLifeVR,0
SamsungLevant,unknown
watch_akiba,unknown
digitelco,unknown
NaiduGariAbbay7,0
TheeMadV,0
IRf6c,0
jacarandafm,unknown
SamsungSupport,unknown
igorlt,0
jose_peypus,0
tshoanegp,0
ichbinmuaz,"(13, 25)"
raccolla_,0
MphoRahlogo,0
RODRIGOMC76,0
kingofsehun94,0
Michel82404493,0
Tech1Tv2,0
fakedor,0
VeeraPrasadaRao,0
Rakesh9542,0
bdunkelman,"(21, 33)"
GExperienceFR,0
Sangram04362806,0
malatji_terry,0
Rare9inety9ine,"(24, 38)"
jeevan_rowdy,0
Azile54463447,unknown
TheDealsSupply,unknown
LordNHLOSENHLE,0
nDYBEArY,0
somaadele,0
AmarRohit45,0
iman_subejo,0
sunitak48805889,"(19, 31)"
TechlockerHD,0
Malanlynette,0
mavenganoe,0
Ramadas1973,0
HTBrunch,"(28, 44)"
ThobileThwala,0
BWOneDotCom,unknown
Prashamsan1,0
EdgarMed,0
GlassSellersCo,0
Vinod_Singuluri,0
Monstro73,0
AvrilAdamIsMe,0
Hlanganani_SA,0
dineshcaraurora,unknown
azayakanaria,0
TechnicallyTee,"(22, 34)"
jmh101377,0
AhmedRe06460503,0
Anabellasolepaz,0
Johannes_sensei,0
mjs_chow_palace,0
sleepingpil_,0
MySweetLordX,0
officialwisermy,unknown
abouley98,"(22, 34)"
Christi81476605,0
yayyaaiyass2,0
NeriaPhumo,0
qwwwq3,unknown
Abisola63090658,0
leeanndebz,0
1PaulJ_,"(27, 43)"
glaa_al,0
mohanarao,unknown
Jnb_710,0
coles_corner_,0
SamsungTurkiye,unknown
Melroyluis16,0
mariamocandop,0
TatendaEMabika1,0
FedelecPromorep,unknown
BobbyInExile,0
Deepu10001,"(39, 57)"
ForbesTech,unknown
Kim16092190,"(53, 71)"
IncheonSi,0
varun_vgp,0
ZLN_GLTKN,0
hotukdeals,0
theo_mame,0
ChadJamesRT,"(27, 43)"
apdlql1114,0
tsrinu007,0
Astrine_R,0
GeeDotMedia,"(24, 38)"
_ShattaBandle,0
Dineo01850635,0
sergiwanoff,0
BhadriN06100731,0
Nag48166748,0
EnglishDanYT,"(38, 56)"
pythoroshan,0
suarezmelisa371,0
MilesNotMiles,0
abdie_banjarie,0
shashikas22,0
Prenisha14,0
SR____Official,0
kmtsktkr,0
onegarzon,0
GiorgettiLoren1,0
RedskullPro,"(34, 50)"
puifaii87075125,0
felipecolina90,0
DrTherapistMas1,0
JA_Mojapelo,0
Subham_Jalan,0
pavanku13271533,0
GugBerry,0
CarpeDiemSmpr,0
NaveenS36780284,0
Qualcomm_IT,unknown
ChomStyle1,0
iMarioR,"(25, 39)"
J_rose1611,"(22, 34)"
MaxxKoggen,0
Natureborne2,0
MafaldacSilvaa,0
JaneemD07,0
lencarifin3,unknown
catloverplayer,0
Jagadeeshyalla2,0
CityMagazineCL,unknown
ArabPhonee,unknown
wkwkrnht,0
JuthraThato,0
dealtikka,0
stewart75956105,0
imranbqureshi,"(30, 46)"
Cardoso,0
NKedasi,0
ddj12121985,"(22, 34)"
BrandonLKS,"(30, 46)"
clayco_official,unknown
EmmyDrzzy,0
IamRasheed_Mufc,0
arod1945,0
rona13,unknown
relojes_y,0
WeForNews,unknown
Rao_Gari_Abbaii,0
karthirbkarthi1,0
AnandKu69763540,"(31, 47)"
Hax921,0
TheNewMarvellou,0
TechTudo,unknown
__Feyiii__,unknown
yalla4u,0
MOoONyMOoOdy,"(22, 34)"
OLineOIndia,unknown
aboshhiib,unknown
jyoti24121,0
footbaddie,"(36, 54)"
bouyguestelecom,unknown
FFAACoMuNaChas,0
BookOfCinz,"(27, 43)"
citywadakatsu,"(32, 48)"
mange_1013,0
johncen47526559,0
jasonhowell,"(23, 35)"
sunbrk,unknown
EsoThaNdo_,0
fathiiiamar,0
viinii18,0
iammashi,0
PhilipBloom,"(30, 46)"
nailana_MC,0
Da_Cidre,"(22, 34)"
__DSTR__,0
busybootless69,0
anema212,0
akshayable,"(23, 37)"
PlayzPaulo,0
TheBionicScoop,unknown
virajSi56851667,0
GiriSonnaSeri,0
pv_laxmi,0
sumahoinfonews,unknown
kachwanya,0
BrahuHarmony,0
DJ_BabyMolDii,"(12, 22)"
TheRocketBeans,0
PrakashPks19,0
DTLuc1,0
OnthePitch5,0
Naveen48823292,0
rmz8411,0
androidcentral,"(18, 30)"
tajarb2015,unknown
BhayaLal,"(30, 46)"
TaniaMarkova38,"(22, 34)"
faangirlife,0
RsmlP,"(13, 25)"
Ayomide95215473,0
top10mobileshop,unknown
Ubabalo1,0
stainlanda4,0
iosys_official,unknown
Ab_Nahi_,"(9, 19)"
BukanPengkhian1,0
AnilkoppulaP,0
m_tshikororo,0
digendpranata,0
KajolSaxena7,"(25, 39)"
bhaskar1117,0
anAthiyaa,unknown
tsainikil,0
kirtibasal,0
Srinu0043,0
TheLallantop,unknown
SrinivasaKarth8,0
SamFirmware,0
DytonNgakane3,0
x_crystalsoul,0
hlatsir,0
stargatw,0
OTadicto2001,0
Tech_Box7,unknown
dome_glass,0
Namagiconline,0
samsungmobilemx,unknown
karenalvarezyya,0
GQdotcoza,unknown
gadgetmatch,unknown
GUAPMAG,unknown
LaVanguardia,unknown
chandubuzzz,0
_dityadwiputra,0
jsp_balaji21,0
msk1506,0
LEEN0707,"(3, 9)"
Im_A_SuperHero_,0
Mr_sportified,unknown
docomo__5G,0
7ala_Bared,unknown
gadgetsafrica,0
Fatimaalqallaf_,0
loreleyantoneli,0
rk24040,0
GreenChillyprd,0
md5uae,0
JohnBezuidenho8,0
RockSta24312155,0
Aman_k1999,0
mohdhamadeh04,0
JSPVizagPalla,0
obakanaog,0
skyblue_1985jp,unknown
ioquealve,0
DadGamerChief,0
gototechnotr,unknown
IamKRayudu,0
Catnip202X,0
Andiswa53772778,0
VVSSreenath,0
2hot4sa,0
YUxRy9v5wrYtu0t,unknown
UlenzenDarrough,"(16, 28)"
rushanshekar,0
durgasake3,0
nafah_altayib,unknown
KofiAshon,0
Carminchaaa,0
asanda_mdladla,0
TheStandardVDO,0
NavarroMarinRam,0
ACSalian,0
hayurbami,"(27, 43)"
RjeyTech,"(33, 49)"
Asemahl69360197,0
Kalyan17029030,0
fthkoroglu,0
MeelaBansi,0
Cellucity,0
Anshu58198782,0
Mpho_Sel1,0
leilaj40196367,0
htxtafrica,unknown
lebo__mo,0
TalkAndroid,unknown
Prasangipspk93,0
4ysMK5KJb9MUsKR,0
banksrich1,0
pietsilas3,0
amandapriemer,0
laissemoii,0
alexvime_,0
AngelicaAlboran,0
irishmunky,0
JanasenaDevote2,0
PostDaily3,0
ruan_reinhardt,0
LoydTynah,0
TechmashDave,"(44, 62)"
mehdidimeh135,0
Androidheadline,unknown
rcnradio,0
marekhajn,0
adamuya18876115,0
Seankingstone15,0
Vinodna37428054,0
winter_terrence,0
howtomen,0
Ideogram13,unknown
Lutch29356670,0
MelSilvestrini,0
rahulandanjali,0
Xarmah_moses,0
TokenJay,"(23, 37)"
nazeerbasha_jsp,0
nrB2xuphL96PBbO,0
TDigitalCol,unknown
MichaelWhiting,"(26, 40)"
dead_l_pool,0
androidportalsk,0
HnnucO3ldKRi9tG,0
04dd9131a89d400,0
Kxx0bdpBBdmecb4,0
PhoneArena,unknown
pepiBenn,"(2, 8)"
HopeStations,"(18, 30)"
uimtt00oo00,unknown
JerJayQ,0
tan__trader,"(15, 27)"
annsandra96,"(12, 22)"
JordanCwierz,"(22, 34)"
official3rill,"(23, 35)"
pipeliz_tech,0
h9797,"(21, 33)"
shaaista7,0
PrasadVibhooti,"(22, 34)"
Rx3uZTSBCeZjzwk,0
fladmose,"(23, 37)"
mgmp1999,0
Hemnath54174300,0
seduction_b,unknown
bigdreamstvshow,"(34, 50)"
Dzivha7,"(26, 42)"
reincarntnKALKI,0
BrilliantNtsako,0
JeffSwag1998,0
AttvilleKCFans,unknown
IviksaF,0
012_KiiD,unknown
jjb64fl,0
VNyalungu,0
CASTLEUSEBIO,0
RootNationUA,0
NH76G,unknown
kyou_Android,0
janatelugu,0
glosamabintrapn,0
insan_haqani,unknown
ScienceTech2020,unknown
Malete_Tbang,0
giveaway_galaxy,unknown
Viviana41595977,0
Gg39824042,0
Anna_112917,0
Cyril_Letsoala,0
mirai160525,"(23, 35)"
kim_sinclair1,0
smomozad,0
Laureen_69,0
james41826540,0
t0ubs0n,0
andy_penn,0
SeddighEllie,0
lh5BHebpKBnGdl9,0
buzucan,0
AkazawaKkuniaki,unknown
thehitechnomad,0
anitadingwayo,0
7_mavrick,0
mobilefun,unknown
YRah1hlhEQUZkeG,0
chollosdiario,0
GoodmanVee,0
Giftmokgosi,0
EE533PXqOynw4zb,unknown
ainoa_alboran14,0
VamshiK21013871,0
g_naveenraju,0
andrew_hxl,"(26, 40)"
SellickHelen,0
missmvbness,0
SAINAID47027348,0
SparshHacks,0
SediLakaMusic,0
Talk2DTA,0
for_dajae,unknown
Ashakiran_k,0
airteeAsa,0
aitnews,unknown
BalakumarBalu6,0
iqurannn,0
TumayaMakhooe,0
Citi973,unknown
khairulfadh,0
mzuvumilematha1,0
ferrazbeea,0
CredoComputers,0
fmp4mobiles,unknown
Tanakaziie1,"(24, 38)"
agiabishopsblog,unknown
devilsphotogra1,0
rennonino,0
FateemaJameelu,0
goenkwidjayz,0
ThatDamnNickie,0
Clubic,unknown
gizchinagr,unknown
Shantel_tee,0
LT__FF14,0
Dallas_USPC,0
ZDNet,unknown
AstroWears,0
JakesDuRand,0
tmosyi,0
SomeGadgetGuy,"(23, 35)"
EmRoj20,0
zssw5,unknown
iosys_rojiura,unknown
SweepstakesBox,0
samsungID,unknown
Regarvi,0
JyotiSocial,"(23, 35)"
kamalds,"(27, 43)"
meenaravi26,0
delacroix111,0
_banggiel,0
EnterSmo,0
thulasiramseela,0
FransMoshoeshoe,0
Jessica36751006,0
Sharwin4K,0
energia_mexico,0
Izenhime1,0
LogNewsCoin,0
iprateek12,"(33, 49)"
LanjarSusanto,0
Yaswant33523965,unknown
rudytpi,0
full_bugs,0
GenTech_Gaming,"(23, 37)"
Megamin91343928,0
clementoluwato2,unknown
LazG820712205,0
stc_kwt,unknown
newzpick1,0
jhakjhuk1853,"(25, 39)"
riya83310050,unknown
SteveMahopo,0
myStoreME,unknown
Rush108,0
t3ktaktcal,0
YuanikaMarsha,0
MaxWinebach,"(38, 56)"
JordiCruzPerez,"(38, 56)"
ljsamsung,0
aliicl_99,0
jsonhee,0
myself_palak,unknown
ksa_wats,0
HashtagSenzoM,0
falsaif,"(28, 44)"
_tenbi,"(11, 21)"
Dahmen_8,0
IsdeenJeewa,"(36, 52)"
abimanyoe88,0
Black_Mossssss,0
trizahngugi2,0
Keanen76767073,0
LeboTheFoodie,"(16, 28)"
xdadevelopers,unknown
abt_reviews,unknown
GuloJackson,0
heavenfairy_,0
killingluci,0
pockettech5,0
hiep2016,"(37, 55)"
rayenaulnayy,0
dhempe,"(22, 34)"
emobilestores,unknown
vidyathapa76,0
sheilauryner,0
alamoudi1114,0
minoo34889234,0
yuyuham_Vlog,unknown
NaesProject,0
okuhle81642420,0
MohsinLatifBag1,0
Algeek_s,unknown
powerstarvinod7,0
mosonta,unknown
SriRamKosuru,0
AvgTechGuy885,"(6, 16)"
AkilSardar7777,0
zulazizabdullah,"(33, 49)"
MadRaiderCR,"(24, 38)"
techpreacher8,unknown
iamhappyaujla,"(38, 56)"
GoldCrownHair,"(20, 32)"
musicalcyclone,0
shariksa007,unknown
51000Daniel,0
DemolaJinadu,0
laiatb88,0
Nico__N12,0
teekay_112,0
vinay666777,0
Samsung_SAUDI,unknown
uruguay_alboran,0
Ke_prudy,0
mistee_in,0
Johanrs966,0
MHD4tech,unknown
lasterd80,0
ElaamGabriels,0
1blvk_,0
Stumarash,0
uchennaanson,0
Portafolioco,0
janpara_sin1,unknown
japsaw89,0
Astro_boySpace,unknown
FeedYouDeals,0
Terr_Elane,0
English__4all,0
Fatinkhasanah53,0
Anne_3003,0
javierlopez86vk,0
da6252,"(30, 46)"
pantip_kratoo,0
parkjibolipen,0
Lara73901620,0
NosiphoTwani,0
AyanoTDO,"(15, 27)"
GaborRavasz,0
SamsungAbm,0
mariam90472717,0
pollywollymak,0
pk_govinda,0
RaSeRWaN,0
neha______2211,0
Mameko_Mobile,unknown
DaveMax64,0
